{"timestamp": "2026-01-29T10:32:40.953710", "coefficients": [0.0, -0.15007986733993325, 0.1501072515901196, 0.19979230566477613, -0.09981337968377252, -0.15007986733993303, 5.745686783202586e-05, 0.00011529914044918627, 0.00014774504959204002, 0.15010725159011967, -0.00047069169439178243, -0.0001305540742642594, 0.0003762529416198729, -0.0004647642830862761, -0.09981337968377257], "intercept": 0.500079885781319, "mse": 2.194572982850988e-06, "mae": 0.0009308723301334213, "r2": 0.9999528482312959}