{"timestamp": "2026-01-29T10:32:40.867698", "coefficients": [0.0, 0.39617374442081854, 0.2995096430514544, 0.10067461854801381, 0.09609026797297465, 0.0034791491128635947, 0.001391362272060187, -0.0016441950726964055, -0.0005028316802540844, 0.0011481352024236835, -0.0019369132529395983, 0.00011651018156126625, 0.10067461854801395, 3.70383445425157e-05, 0.0036871786982712734], "intercept": 0.0015723721037843585, "mse": 8.402775354875028e-06, "mae": 0.002346511305252018, "r2": 0.9997201404453372}