{"timestamp": "2026-01-29T10:32:41.131761", "coefficients": [0.0, 0.4955901165452244, 0.3082145362742368, 0.19286392146163378, 0.00032479417636352426, 0.0026629801906195016, 0.005403170893643339, -0.006586627809368972, -0.0024900606266675673, 0.004368267457320014], "intercept": 0.00045302818985148985, "mse": 1.046436701653965e-05, "mae": 0.0028063075434741824, "r2": 0.9995491677725389}